Category,Item Name,Item Type,Sockets / Desired Rolls,Why Keep,Used For,Rarity Tier,Ethereal Wanted,Pro Tip
Runeword Bases,Mage Plate (3 Sockets),Body Armor (Light),3 Sockets (Natural or Larzuk on White),Best low-strength armor base in the game (only 55 Str required). Leaves all stats for Vitality.,Enigma runeword (Jah + Ith + Ber),HIGH VALUE,No,Larzuk in Act 5 gives a clean White Mage Plate exactly 3 sockets every time!
Runeword Bases,Archon Plate (3 or 4 Sockets),"Body Armor (Light, Elite)",3 Sockets (Enigma) or 4 Sockets (Fortitude / CoH),Highest defense light armor without movement speed penalty. 15% Enhanced Defense is GG.,Enigma (3os) or Fortitude / Chains of Honor (4os),HIGH VALUE,No,Superior 15% ED Archon Plates with 3 sockets trade for multiple High Runes.
Runeword Bases,Ethereal Sacred Armor / Lacquered / Shadow,"Body Armor (Ethereal, Elite)",4 Sockets (or unsocketed to Cube roll),"Mercenaries do NOT lose item durability! Ethereal gives +50% base defense, reaching 800-900+ def.",Mercenary Fortitude (El + Sol + Dol + Lo),HIGH VALUE,Yes,"Must have 4 sockets. If it drops with no sockets and is NOT superior, roll it in the Cube (Tal + Thul + PTopaz)."
Runeword Bases,Ethereal Thresher / Giant Thresher / Mancatcher,Polearm / Spear (Ethereal),4 Sockets,"Extremely fast attack speeds, proccing Crushing Blow and Life Leech rapidly on Act 2 mercs.",Infinity (Ber + Mal + Ber + Ist) or Insight (Ral + Tir + Tal + Sol),GODLY,Yes,4os Eth Giant Thresher is the single most desired mercenary polearm base in the entire market.
Runeword Bases,"Phase Blade (3, 4, 5 Sockets)",One-Handed Sword (Elite),"5 Sockets (Grief), 4 Sockets (Voice of Reason/Passion), 6 Sockets (Last Wish)",Phase Blades are indestructible and have the fastest base attack speed (-30 WSM).,Grief (5os - #1 Melee weapon) or Last Wish (6os),HIGH VALUE,No,A 5os Phase Blade with 15% Enhanced Damage is worth massive trade value.
Runeword Bases,Monarch Shield (4 Sockets),Shield (Elite),4 Sockets,Lowest strength non-Paladin shield that can roll 4 sockets (156 Str req).,Spirit (Tal + Thul + Ort + Amn) or Phoenix,SOLID / ESSENTIAL,No,"Every Sorceress, Necro, Druid, and Javazon needs a 35% FCR Spirit Monarch."
Runeword Bases,Paladin Shields: Sacred Targe / Sacred Rondache (+40-45 All Res),Paladin Shield (Elite),4 Sockets (Spirit / Exile) or Ethereal (Exile),Sacred Targe has the highest block chance (60%) and lowest strength requirement.,"Spirit (Non-Eth) or Exile (Ethereal, auto-repairs)",GODLY,Yes,An Ethereal Sacred Targe with +45 All Resistances is one of the highest value bases in D2R.
Runeword Bases,Flail / Crystal Sword (4 or 5 Sockets),One-Hand Weapon,4os (Spirit Sword) / 5os (Heart of the Oak),"Very low stat requirements for casters who just want +skills, FCR, and all resists.",Heart of the Oak (Ko + Vex + Pul + Thul) or Call to Arms (Amn + Ral + Mal + Ist + Ohm),SOLID / ESSENTIAL,No,Never build Heart of the Oak in a hammer or mace that is not a Flail/Knout/Scourge!
Magic Gear (Blue),JMOD (Jeweler's Monarch of Deflecting),Magic Monarch Shield,4 Sockets + 30% Faster Block Rate + 20% Increased Chance of Blocking,The holy grail of PvP and Javazon shields. Holds 4 Rainbow Facets (+20% Dmg / -20% Enemy Res) while retaining max block.,Lightning Javazon / PvP Lightning & Cold Sorcs,GODLY,No,Extremely rare. Worth 40+ Ber runes on ladder!
Magic Gear (Blue),6/40 Javelins (Lancer’s Maiden/Ceremonial/Matriarchal of Quickness),Amazon Javelins,+6 to Javelin and Spear Skills & +40% Increased Attack Speed,Deals the absolute highest burst damage possible with Lightning Fury / Charged Strike in the game.,PvP & Cow-slaying Lightning Javazons,GODLY,No,Can be shopped at Anya in Act 5 Nightmare/Hell or found in high-density zones.
Magic Gear (Blue),3/20 Gloves (Lancer’s or Bowyer’s of Alacrity),Magic Gloves (Leather / Chain / Plate),+3 to Javelin or Bow Skills & +20% IAS,More offensive skill boost than any unique gloves like Laying of Hands or Titan combinations.,Javazons and Elemental Bowazons,HIGH VALUE,No,Shop Anya in Hell Act 5 by resetting her store through the Red Portal beside her.
Magic Gear (Blue),Jeweler's Tiara / Diadem of the Whale / Speed,Circlet / Diadem,3 Sockets + 100 Life OR 3 Sockets + 30% Faster Run/Walk,Socketed with three 15% IAS / 40% Enhanced Damage jewels or 5/5 Facets for godly PvP speed.,"Bowazons, PvP Assassins, and Teleporting Brawlers",GODLY,No,"Any magic circlet with 3 open sockets and a great suffix (FRW, Life, FCR) is high value."
Magic Gear (Blue),Grand Charms: +1 Class Skill Tab (Skillers),Grand Charm (Inventory),"+1 to Lightning, Combat, Cold, Fire, Poison & Bone, Trap, Warcries",The backbone of late-game caster damage scaling. Skillers with +30-45 Life are jackpot items.,Every endgame build,HIGH VALUE,No,"Baal, Diablo, and Nihlathak drop ilvl 91+ Grand Charms that can roll the coveted +41-45 Life suffix (reroll with 3 Perfect Gems in Cube!)."
Magic Gear (Blue),"Small Charms: 3/20/20, 20 Life/5 All Res, 7% MF",Small Charm (Inventory),+3 Max Dmg / 20 Attack Rating / 20 Life OR +20 Life / +5 All Res OR 7% Magic Find / 11% Single Res,Ultra-dense inventory buffs that define high-end PvP and farming efficiency.,Every character inventory min-maxing,GODLY,No,Even a plain +20 Life small charm or plain 7% Magic Find small charm has guaranteed trade value.
Uniques (Gold),Griffon's Eye (Diadem),Unique Helm,"-15% to -20% Enemy Lightning Res, +10% to +15% Lightning Dmg, +1 All Skills, 25% FCR","The undisputed #1 helm for Lightning Sorceress, Javazon, and Trap Assassin.",Endgame Lightning builds,GODLY,No,A perfect -20/+15 Griffon is worth multiple Ber/Jah runes.
Uniques (Gold),Harlequin Crest (Shako),Unique Cap / Helm,"+2 All Skills, +1.5 Life & Mana per level, 50% Magic Find, 10% Damage Reduction","The most versatile, universally used farming helm in D2R history. Every character wants one.","MFing, leveling, and caster progression",SOLID / ESSENTIAL,No,Socket it with a Perfect Topaz for cheap +24% extra Magic Find.
Uniques (Gold),Death's Web (Unearthed Wand),Unique Wand,"-40% to -50% Enemy Poison Res, +1-2 Poison & Bone Skills",The Holy Grail for Poison Necromancers. Nothing else compares to its massive resistance shred.,Poison Nova Necromancer,GODLY,No,A +2 Skills / -50% Poison roll is one of the rarest high-value drops in Sanctuary.
Uniques (Gold),Death's Fathom (Dimensional Shard),Unique Orb,"+15% to +30% Cold Skill Damage, +3 Sorc Skills, +Fire & Light Res",Best in Slot weapon for Blizzard and Frozen Orb Sorceresses.,Cold Sorceress endgame,HIGH VALUE,No,Value depends entirely on the cold damage percentage (aim for 25%+).
Uniques (Gold),Mara's Kaleidoscope (Amulet),Unique Amulet,"+2 All Skills, +5 All Attributes, +20 to +30 All Resistances",Best generic caster amulet before obtaining a godly crafted 2/20 amulet.,Virtually all caster builds,HIGH VALUE,No,A +30 All Res Mara commands top trade currency.
Uniques (Gold),Stone of Jordan (SOJ) & Bul-Kathos' Wedding Band,Unique Ring,"SOJ: +1 All Skills, +25% Max Mana / BK: +1 All Skills, Life Leech, Life per lvl",The only unique rings that give +1 All Skills. SOJ is also used to trigger the Diablo Clone event!,All builds needing +skills and mana pool,HIGH VALUE,No,Keep SOJs for trading or selling to merchants on scheduled DClone walks.
Uniques (Gold),Arachnid Mesh (Spiderweb Sash),Unique Belt,"+1 All Skills, 20% Faster Cast Rate, Slows Target 10%",The ONLY belt in Diablo 2 that grants Faster Cast Rate and +1 Skills!,Every caster hitting the 105% or 125% FCR breakpoints,HIGH VALUE,No,"Essential for Hammerdins, Sorcs, and Necros."
Uniques (Gold),War Traveler (Battle Boots),Unique Boots,"30% to 50% Better Chance of Getting Magic Items, +10 Str, +10 Vit, Flat Dmg",The gold standard Magic Find boots. Also adds flat physical damage to Bowazons and Zealers.,Magic find characters,HIGH VALUE,No,A 50% MF roll commands 5x-10x the price of a 30% roll.
Uniques (Gold),Andariel's Visage (Demonhead),Unique Helm,"+2 All Skills, 20% IAS, 8-10% Life Leech, +25-30 Str (-30% Fire Res)",Best in Slot helm for Act 2 Mercenary. Allows merc to equip heavy weapons early thanks to +Strength.,Act 2 Mercenaries,HIGH VALUE,Yes,ETH ANDY VISAGE is worth multiple High Runes! Socket with a Ral rune or 15 IAS/30 Fire Res jewel.
Uniques (Gold),Crown of Ages (Corona),Unique Helm,"1-2 Sockets, 10-15% Damage Reduction, 20-30 All Res, +1 Skills, 30% FHR",The king of tankiness in PvP. Two sockets are strictly required for high value.,PvP builds and super-safe hardcore characters,GODLY,No,"A 2-socket, 15% DR, 30 All Res COA is among the rarest trophies in existence."
Rare Gear (Yellow),Tri-Resist Boots (The Holy Grail of Footwear),Rare Boots (Light / Heavy / Demonhide),30% Faster Run/Walk + 10% FHR + 30%+ Fire Res + 30%+ Light Res + 30%+ Cold Res,Hell difficulty incurs a -100% all resistance penalty. Boots that solve 80-100% total resistances are irreplaceable.,"PvP, Sorceresses, Paladins, Enigma users",GODLY,No,"Fire, Lightning, and Cold are the coveted resistances. Poison resistance is considered secondary."
Rare Gear (Yellow),2/20/30 Circlets & Coronets,Rare Circlet / Coronet / Tiara / Diadem,+2 Class Skills + 20% Faster Cast Rate + 30% Faster Run/Walk (or 2 Sockets + Str/Dex),Allows casters like Paladins and Sorcs to hit breakpoint thresholds that Shako cannot provide.,PvP and max-FCR builds (e.g. 125% FCR Hammerdin with Enigma),GODLY,No,"If a rare circlet naturally spawns with 2 open sockets, its value skyrockets."
Rare Gear (Yellow),Dual Leech & 10% FCR Rings,Rare Ring,10% FCR + 15+ Strength + 10+ Dexterity + 20+ Life/Mana + All Resistances OR Dual Leech (6% ML + 8% LL),Rings have tiny inventory footprints but provide massive stat compression for tight stat builds.,Melee characters (Dual Leech) or Casters (10% FCR + High Stats),HIGH VALUE,No,Dual Leech + Attack Rating + High Res is the dream for Barbarians and Bowazons.
Rare Gear (Yellow),Fool’s Ethereal Repair Weapons,Rare Melee Weapon (Phase Blade / Berserker Axe / Claws),Ethereal + Self-Repair + 300%+ Enhanced Damage + Fool’s Mod (Max Dmg & AR per level) + 40% IAS,The holy grail of Trophy melee weapons that can rival or exceed Grief in PvP GM rules.,"PvP Zealots, Barbarians, and Ghost Assassins",GODLY,Yes,"Must have ""Repairs 1 Durability in X seconds"" because ethereal weapons break without it!"
Rare Gear (Yellow),+5 / +6 Skill Pelts & Barbarian Helms,Rare Druid Pelt / Barbarian Primal Helm,+2 Druid/Barb Skills + +3 to Tornado / Fissure / Battle Orders + 2 Sockets + Life,Provides higher damage output for specific elemental or warcry skills than Jalal’s or Arreat’s Face.,"Tornado Wind Druids, Singer Barbs",HIGH VALUE,No,"A pelt with +2 Druid and +3 Tornado is called a ""5 Nado"" pelt."
Runes (Orange),Ber Rune (#30),High Rune,In Armor: 8% Damage Reduction / In Weapon: 20% Crushing Blow,"The baseline currency of D2R. Required for Enigma, Infinity, Chains of Honor, and Beast.","Enigma (Jah + Ith + Ber), Infinity (Ber + Mal + Ber + Ist)",GODLY,No,Can buy nearly any non-godly item in the game with a single Ber.
Runes (Orange),Jah Rune (#31),High Rune,In Armor: +5% Max Life / In Weapon: Ignore Target Defense,The #1 component in Enigma (which grants Teleport to all classes) and Faith.,"Enigma (Jah + Ith + Ber), Faith (Ohm + Jah + Lem + Eld)",GODLY,No,Often trades 1:1 or slightly above Ber depending on ladder season age.
Runes (Orange),Lo Rune (#28),High Rune,In Armor: +5% Max Lightning Res / In Weapon: 20% Deadly Strike,Essential for Grief (#1 melee weapon) and Fortitude (#1 physical armor).,Grief (Eth + Tir + Lo + Mal + Ral) and Fortitude (El + Sol + Dol + Lo),GODLY,No,Every physical fighter needs at least two Lo runes.
Runes (Orange),Vex & Ohm Runes (#26 & #27),High Runes,Vex: +5% Max Fire Res / Ohm: +50% Enhanced Damage,"Vex creates Heart of the Oak (+3 Skills, 40 FCR, 40 All Res). Ohm creates Call to Arms (+Battle Orders).",Heart of the Oak (HOTO) & Call to Arms (CTA),HIGH VALUE,No,Call to Arms gives ANY class barbarian warcries to double their HP pool!
Runes (Orange),Ist & Mal Runes (#24 & #23),Mid-to-High Runes,Ist: +25% Magic Find (Helm/Armor) / +30% MF (Weapon),"Ist is the standard mid-tier trading currency. Socketed into Ali Baba, Occy, or Shako for MF.","Currency trades, Infinity, Call to Arms, Delirium",HIGH VALUE,No,Countess on Hell difficulty has an enhanced drop rate up to Ist.
Runes (Orange),Ral Rune (#8) & Hel Rune (#15),Low / Utility Runes,Ral: Caster Amulet Crafting / Hel: Removes gems/runes from sockets,Endgame crafters buy packs of 20-40 Ral runes for High Runes! Hel cleans socket mistakes in the Cube.,Caster Amulet Crafting (Ral) & Unsocketing with Town Portal Scroll (Hel),SOLID / ESSENTIAL,No,Never toss Ral or Hel. Keep a dedicated mule for them and sell in bulk.
Runes (Orange),Tal + Thul + Ort + Amn,Spirit Runes Pack,Runes for Spirit Runeword,"Combined with a Hel rune, players reroll 35% Faster Cast Rate Spirit shields repeatedly.",Spirit Rerolling Packs (Tal Thul Ort Amn Hel),SOLID / ESSENTIAL,No,Bulk sets of 10x Spirit packs trade readily for Ist and Gul runes.
Gems & Jewels,Perfect Amethyst (P-Amethyst),Crafting Currency,Used in Horadric Cube Caster Amulet Recipe,The single most valuable gem in the game. Used with Ral + Jewel + Magic Amulet to roll godly 2/20 amulets.,Caster Amulet Crafting,HIGH VALUE,No,"Bulk P-Amethysts (packs of 20 or 40) trade for Vex, Ohm, or even Ber runes!"
Gems & Jewels,Perfect Ruby (P-Ruby),Crafting Currency,Used in Blood Ring & Blood Gloves Recipe,Used with Sol Rune + Jewel to craft Crushing Blow gloves and Life Leech / High Stat rings.,Blood Crafting Recipes,SOLID / ESSENTIAL,No,Always save your Flawless Rubies to transmute into Perfect Rubies.
Gems & Jewels,Random Perfect Gems (Bulk PGems),Rerolling Currency,3 Perfect Gems + Any Magic Item in Cube = Rerolls stats,"Used to reroll high-level Grand Charms (dropped by Diablo, Baal, or Nihlathak) until they become +1 Skillers with 45 Life.",Grand Charm Rerolling & Trade Currency,SOLID / ESSENTIAL,No,40 PGems (any color except Skull/Amethyst) trade for a Pul to Um rune early ladder.
Gems & Jewels,Rainbow Facet (Unique Jewel),Unique Jewel,+3% to +5% Elemental Skill Dmg / -3% to -5% Enemy Elemental Res (Die or Level-Up),"The best socket filler for offensive elemental builds (Fire, Cold, Light, Poison). 5/5 Die facets are peak value.","Griffons, Death’s Fathom, JMOD, Ormus Robes",GODLY,No,"""Die"" facets (casts spell upon dying) are worth more than ""Level-Up"" facets because they trigger in PvP."
Gems & Jewels,Ruby Jewel of Fervor (15% IAS / 40% ED),Magic Jewel,+15% Increased Attack Speed & +40% Enhanced Damage,"The most legendary physical jewel in D2R. Known simply as ""15/40"".","Windforce, Mercenary Helms, Bowazon Tiaras",GODLY,No,Even a 15% IAS jewel with 30-35% ED is worth multiple High Runes.
Gems & Jewels,15% All Resistances / 15% IAS Jewel,Magic Jewel,+15% All Resistances & +15% Increased Attack Speed,Combines attack speed breakpoint acceleration with full elemental protection.,Mercenary Helms and offensive melee gear,HIGH VALUE,No,Commonly slotted into Andariel’s Visage or Crown of Ages.
Essences & Tokens,Twisted Essence of Suffering (Blue),Boss Essence,Drops from Andariel (Act 1) and Duriel (Act 2) in Hell,First of four ingredients required to forge a Token of Absolution.,Token of Absolution Transmutation,SOLID / ESSENTIAL,No,Andariel is easy to farm and drops this frequently.
Essences & Tokens,Charged Essence of Hatred (Yellow),Boss Essence,Drops from Mephisto (Act 3) in Hell,Second of four ingredients required to forge a Token of Absolution.,Token of Absolution Transmutation,SOLID / ESSENTIAL,No,Mephisto runs with a Blizzard Sorc are the fastest way to farm this.
Essences & Tokens,Burning Essence of Terror (Red),Boss Essence,Drops from Diablo (Act 4 Chaos Sanctuary) in Hell,Third of four ingredients required to forge a Token of Absolution.,Token of Absolution Transmutation,SOLID / ESSENTIAL,No,"Chaos Sanctuary farming nets you High Runes, XP, and this essence."
Essences & Tokens,Festering Essence of Destruction (Green),Boss Essence,Drops from Baal (Act 5 Throne of Destruction) in Hell,The fourth and rarest essence due to the time required to clear Baal’s waves.,Token of Absolution Transmutation,HIGH VALUE,No,Often trades for 2-3x the value of the other essences.
Essences & Tokens,Token of Absolution (The Respec Token),Consumable Item,Cube: 1 Suffering + 1 Hatred + 1 Terror + 1 Destruction,Right-clicking resets all allocated Stat points and Skill points completely. Constant market demand throughout every ladder.,Infinite respecs for experimenting or switching to endgame gear,HIGH VALUE,No,"Tokens trade reliably for Pul, Um, or Mal runes in bulk."
Statues & Quest Relics,The Golden Bird Statuette (Ku Y’leh’s Ashes),"Quest Item (Act 3, Quest 1)",Found from the first Champion/Unique monster killed in Act 3 jungles,"Talk to Meshif to swap it for the Golden Bird statuette, then talk to Alkor to receive the Potion of Life (+20 Permanent Max Life).","Permanent +60 Total Maximum Life across Normal, Nightmare, and Hell!",SOLID / ESSENTIAL,No,Mandatory on every single character you level up.
Statues & Quest Relics,Lam Esen’s Tome (The Black Book),"Quest Item (Act 3, Quest 4 - Ruined Temple)",Found in the Ruined Temple in the Kurast Causeway,Return the tome to Alkor for +5 Permanent Stat points in each difficulty (+15 total stats).,Permanent Attribute Points,SOLID / ESSENTIAL,No,Watch out for Sarina the Battlemaid and her Extra Fast pack at the entrance of the temple.
Statues & Quest Relics,Key of Terror (Countess),Pandemonium Key,"Drops from The Countess (Black Marsh, Act 1 Hell)","1 of 3 keys required to open portals to the Mini-Ubers (Lilith, Uber Duriel, Uber Izual).",Farming Hellfire Torch Large Charm in Uber Tristram,HIGH VALUE,No,Farm Countess with high FCR to stack keys quickly.
Statues & Quest Relics,Key of Hate (Summoner),Pandemonium Key,"Drops from The Summoner (Arcane Sanctuary, Act 2 Hell)",1 of 3 keys required to open portals to the Mini-Ubers.,Farming Hellfire Torch in Uber Tristram,HIGH VALUE,No,Arcane Sanctuary also has excellent Ghost monster density for high rune drops.
Statues & Quest Relics,Key of Destruction (Nihlathak),Pandemonium Key,"Drops from Nihlathak (Halls of Vaught, Act 5 Hell)",1 of 3 keys required to open portals to the Mini-Ubers.,Farming Hellfire Torch in Uber Tristram,HIGH VALUE,No,"Nihlathak casts deadly Corpse Explosion. Wear Nature’s Peace ring (""Slain Monsters Rest in Peace"") to neutralize it!"
Statues & Quest Relics,"3x3 Key Sets (3 Terror, 3 Hate, 3 Destruction)",Full Uber Key Set,9 Keys Total (3 of each kind),Used in Harrogath (Act 5 Town Hell) to open all three Uber portals in the same game.,Guaranteed Uber Organs to fight for the Hellfire Torch,GODLY,No,"A complete 3x3 key set trades for Gul, Vex, or Ohm runes directly without you needing to fight the Ubers."
